Time,TimeStamp,ServiceName,SuccessRate(%),LatencyP50(s),LatencyP90(s),LatencyP95(s),LatencyP99(s)
2022-08-21 08:06:59.263547144 +0000 UTC m=+0.071369513,1661069219,Frontend,93.38235294117648,0.21644736842105267,0.8134615384615386,0.9451923076923074,1.9862499999999998
2022-08-21 08:07:59.250266454 +0000 UTC m=+60.058088814,1661069279,Frontend,30.508474576271183,0.00834507042253521,0.6937500000000003,1.2906250000000004,2.2581249999999993
2022-08-21 08:08:59.248130975 +0000 UTC m=+120.055953377,1661069339,Frontend,26.05042016806723,0.00873134328358209,0.3849999999999998,0.6699999999999987,1.8700000000000006
2022-08-21 08:09:59.25809062 +0000 UTC m=+180.065912986,1661069399,Frontend,27.35042735042735,0.018452380952380956,0.2383333333333335,0.5464285714285712,0.9092857142857138
2022-08-21 08:10:59.273023241 +0000 UTC m=+240.080845616,1661069459,Frontend,100,0.1968181818181818,0.9590909090909099,1.6980769230769241,2.3396153846153855
2022-08-21 08:11:59.259315828 +0000 UTC m=+300.067138188,1661069519,Frontend,100,0.19166666666666668,0.490909090909091,0.7249999999999994,0.9449999999999994
2022-08-21 08:12:59.259166685 +0000 UTC m=+360.066989069,1661069579,Frontend,100,0.17641509433962263,0.4625,0.6374999999999998,0.9274999999999997
2022-08-21 08:13:59.258741397 +0000 UTC m=+420.066563766,1661069639,Frontend,100,0.1859090909090909,0.49191176470588244,0.7479166666666669,0.982916666666668
2022-08-21 08:14:59.269791595 +0000 UTC m=+480.077613997,1661069699,Frontend,100,0.22272727272727275,0.9,1.3666666666666665,2.273333333333331
2022-08-21 08:15:59.262667384 +0000 UTC m=+540.070489752,1661069759,Frontend,100,0.2384615384615385,1.2076923076923092,1.853846153846153,2.3707692307692314
2022-08-21 08:16:59.271885239 +0000 UTC m=+600.079707602,1661069819,Frontend,100,0.7409090909090909,1.9328125,2.21640625,2.44328125
2022-08-21 08:17:59.261639192 +0000 UTC m=+660.069461569,1661069879,Frontend,100,0.7692307692307693,1.967741935483871,2.233870967741935,2.446774193548387
2022-08-21 08:18:59.276926051 +0000 UTC m=+720.084748426,1661069939,Frontend,100,0.5333333333333333,1.3000000000000012,1.899999999999999,2.3800000000000003
2022-08-21 08:19:59.27263423 +0000 UTC m=+780.080456596,1661069999,Frontend,100,0.17607142857142855,0.5423076923076927,0.7903846153846155,0.9888461538461536
2022-08-21 08:20:59.262365058 +0000 UTC m=+840.070187429,1661070059,Frontend,100,0.22692307692307695,0.7450000000000004,0.91,1.8399999999999963
2022-08-21 08:21:59.273167326 +0000 UTC m=+900.080989700,1661070119,Frontend,100,0.20312500000000003,0.620000000000001,0.8266666666666671,0.9920000000000009
2022-08-21 08:22:59.268240785 +0000 UTC m=+960.076063149,1661070179,Frontend,100,0.18653846153846154,0.46351351351351355,0.5812499999999994,0.9162499999999992
2022-08-21 08:23:59.282998735 +0000 UTC m=+1020.090821137,1661070239,Frontend,100,0.19661016949152543,0.4935483870967743,0.7799999999999994,1.5400000000000023
2022-08-21 08:24:59.275307574 +0000 UTC m=+1080.083129941,1661070299,Frontend,28.448275862068968,0.015723684210526313,0.18892857142857133,0.2562499999999993,0.45124999999999976
2022-08-21 08:25:59.285683196 +0000 UTC m=+1140.093505586,1661070359,Frontend,25.190839694656486,0.015416666666666667,0.1835714285714286,0.266666666666666,0.48666666666666697
2022-08-21 08:26:59.275537813 +0000 UTC m=+1200.083360200,1661070419,Frontend,26.229508196721312,0.014883720930232559,0.1300000000000002,0.2462499999999999,0.48800000000000127
2022-08-21 08:27:59.277930055 +0000 UTC m=+1260.085752425,1661070479,Frontend,100,0.1960526315789474,0.7131578947368423,0.8828947368421052,1.532499999999993
2022-08-21 08:28:59.27178716 +0000 UTC m=+1320.079609553,1661070539,Frontend,100,0.19910714285714287,0.4742857142857143,0.6499999999999997,0.9300000000000005
2022-08-21 08:29:59.269227213 +0000 UTC m=+1380.077049590,1661070599,Frontend,100,0.18606557377049182,0.46785714285714297,0.6499999999999997,0.9300000000000005
2022-08-21 08:30:59.275077646 +0000 UTC m=+1440.082900023,1661070659,Frontend,100,0.18114754098360655,0.47,0.6599999999999998,0.9319999999999994
2022-08-21 08:31:59.269714289 +0000 UTC m=+1500.077536663,1661070719,Frontend,100,0.2073529411764706,0.5863636363636372,0.8840909090909091,2.0087500000000005
2022-08-21 08:32:59.26939636 +0000 UTC m=+1560.077218728,1661070779,Frontend,100,0.1980769230769231,0.4879310344827586,0.7687499999999996,1.6450000000000014
2022-08-21 08:33:59.276479971 +0000 UTC m=+1620.084302332,1661070839,Frontend,100,0.6,0.96,1.1499999999999977,2.2300000000000013
2022-08-21 08:34:59.268460536 +0000 UTC m=+1680.076282903,1661070899,Frontend,100,0.6,0.96,1.15,2.23
2022-08-21 08:35:59.27995217 +0000 UTC m=+1740.087774563,1661070959,Frontend,100,0.618421052631579,0.9798245614035088,1.5343749999999987,2.306874999999999
2022-08-21 08:36:59.270216663 +0000 UTC m=+1800.078039036,1661071019,Frontend,100,0.17633928571428573,0.459,0.6392857142857141,0.9849999999999998
2022-08-21 08:37:59.282568746 +0000 UTC m=+1860.090391108,1661071079,Frontend,100,0.17647058823529416,0.4480000000000001,0.5333333333333329,0.906666666666667
2022-08-21 08:38:59.276080366 +0000 UTC m=+1920.083902735,1661071139,Frontend,100,0.18135593220338983,0.4596153846153846,0.635714285714285,0.9842857142857141
2022-08-21 08:39:59.285222093 +0000 UTC m=+1980.093044470,1661071199,Frontend,100,0.19861111111111113,0.6055555555555556,0.9416666666666665,2.137
2022-08-21 08:40:59.274694109 +0000 UTC m=+2040.082516475,1661071259,Frontend,100,0.18727272727272726,0.64375,0.8374999999999996,0.9925
2022-08-21 08:41:59.288451567 +0000 UTC m=+2100.096273952,1661071319,Frontend,100,0.21682692307692306,0.46644736842105256,0.544999999999999,0.9889999999999999
2022-08-21 08:42:59.27685169 +0000 UTC m=+2160.084674063,1661071379,Frontend,100,1.2198275862068968,2.2439655172413797,2.37198275862069,2.4743965517241375
2022-08-21 08:43:59.277380756 +0000 UTC m=+2220.085203134,1661071439,Frontend,100,0.221875,0.747727272727273,0.9193181818181814,1.9337499999999954
2022-08-21 08:44:59.275576573 +0000 UTC m=+2280.083398933,1661071499,Frontend,100,0.18713235294117647,0.45625000000000004,0.6107142857142859,0.9792857142857138
2022-08-21 08:45:59.288112321 +0000 UTC m=+2340.095934695,1661071559,Frontend,100,0.19722222222222222,0.5818181818181819,0.8363636363636355,1.6599999999999995
2022-08-21 08:46:59.287187481 +0000 UTC m=+2400.095009856,1661071619,Frontend,100,0.19095744680851062,0.7973684210526317,0.9644736842105264,2.1189999999999984
2022-08-21 08:47:59.289619388 +0000 UTC m=+2460.097441764,1661071679,Frontend,100,0.22937500000000002,0.718421052631579,0.8855263157894733,1.5474999999999917
2022-08-21 08:48:59.295825677 +0000 UTC m=+2520.103648041,1661071739,Frontend,100,0.26249999999999996,0.8980769230769231,1.1821428571428547,2.236428571428569
2022-08-21 08:49:59.2830238 +0000 UTC m=+2580.090846176,1661071799,Frontend,100,0.2125,1.2999999999999996,1.8999999999999986,2.380000000000001
2022-08-21 08:50:59.27866957 +0000 UTC m=+2640.086491956,1661071859,Frontend,100,0.26351351351351354,0.904545454545455,1.3999999999999995,2.279999999999998
2022-08-21 08:51:59.280548752 +0000 UTC m=+2700.088371113,1661071919,Frontend,100,0.16964285714285712,0.45892857142857146,0.6924999999999996,0.9384999999999993
2022-08-21 08:52:59.277246342 +0000 UTC m=+2760.085068718,1661071979,Frontend,100,0.2238372093023256,0.8899999999999998,1.502499999999999,2.3005
2022-08-21 08:53:59.278732558 +0000 UTC m=+2820.086554964,1661072039,Frontend,100,0.17947761194029851,0.4509259259259259,0.6124999999999998,1.5024999999999964
2022-08-21 08:54:59.280009768 +0000 UTC m=+2880.087832143,1661072099,Frontend,100,0.19115384615384617,0.5227272727272733,0.8068181818181822,1.5625000000000024
2022-08-21 08:55:59.283794814 +0000 UTC m=+2940.091617174,1661072159,Frontend,100,0.1806818181818182,0.43189655172413793,0.4874999999999999,0.9637499999999989
2022-08-21 08:56:59.278095946 +0000 UTC m=+3000.085918312,1661072219,Frontend,100,0.196,0.9312500000000005,1.566666666666666,2.313333333333334
2022-08-21 08:57:59.277698199 +0000 UTC m=+3060.085520568,1661072279,Frontend,100,0.19204545454545457,0.7588235294117649,0.9235294117647056,1.9400000000000022
2022-08-21 08:58:59.290377883 +0000 UTC m=+3120.098200261,1661072339,Frontend,100,0.20714285714285713,0.7111111111111114,0.8972222222222218,1.8299999999999914
2022-08-21 08:59:59.306260683 +0000 UTC m=+3180.114083043,1661072399,Frontend,100,0.2108695652173913,0.804761904761905,0.9619047619047617,2.1039999999999965
2022-08-21 09:00:59.283326596 +0000 UTC m=+3240.091148969,1661072459,Frontend,100,0.1790909090909091,0.4879310344827588,0.7208333333333332,0.9441666666666663
2022-08-21 09:01:59.286960956 +0000 UTC m=+3300.094783320,1661072519,Frontend,100,0.19221311475409839,0.5964285714285714,0.8339285714285718,1.5025000000000095
2022-08-21 09:02:59.294181124 +0000 UTC m=+3360.102003499,1661072579,Frontend,100,0.175,0.43392857142857155,0.49375,0.8883333333333323
2022-08-21 09:03:59.283579688 +0000 UTC m=+3420.091402081,1661072639,Frontend,100,0.202,0.5461538461538462,0.7730769230769229,0.9546153846153845
2022-08-21 09:04:59.282451516 +0000 UTC m=+3480.090273883,1661072699,Frontend,100,0.1940909090909091,0.8115384615384619,1.2906250000000004,2.2581249999999993
2022-08-21 09:05:59.287896701 +0000 UTC m=+3540.095719061,1661072759,Frontend,100,1.0441176470588234,2.208823529411765,2.3544117647058824,2.4708823529411768
2022-08-21 09:06:59.287200989 +0000 UTC m=+3600.095023356,1661072819,Frontend,100,1.1875,2.2375,2.36875,2.47375
2022-08-21 09:07:59.288561671 +0000 UTC m=+3660.096384050,1661072879,Frontend,100,1.0150000000000001,2.203,2.3515,2.4703000000000004
2022-08-21 09:08:59.296074992 +0000 UTC m=+3720.103897352,1661072939,Frontend,100,0.2109375,0.6722222222222226,1.117857142857144,2.2235714285714274
2022-08-21 09:09:59.286913439 +0000 UTC m=+3780.094735814,1661072999,Frontend,100,0.20204918032786884,0.5576923076923074,0.8173076923076915,1.487499999999998
2022-08-21 09:10:59.29971813 +0000 UTC m=+3840.107540505,1661073059,Frontend,100,0.19272727272727272,0.49821428571428567,0.7681818181818176,0.9899999999999999
2022-08-21 09:11:59.290491346 +0000 UTC m=+3900.098313707,1661073119,Frontend,100,0.21886792452830187,0.7913043478260868,0.9391304347826085,1.9899999999999944
2022-08-21 09:12:59.295271263 +0000 UTC m=+3960.103093633,1661073179,Frontend,100,0.20047169811320753,0.4991935483870968,0.7704545454545453,0.9904545454545453
2022-08-21 09:13:59.294503326 +0000 UTC m=+4020.102325699,1661073239,Frontend,100,0.21739130434782605,0.6421052631578946,0.8210526315789473,0.9642105263157892
2022-08-21 09:14:59.301832132 +0000 UTC m=+4080.109654507,1661073299,Frontend,100,0.19375,0.6764705882352944,0.8823529411764709,1.800000000000001
2022-08-21 09:15:59.295880819 +0000 UTC m=+4140.103703191,1661073359,Frontend,100,0.1627049180327869,0.4511363636363636,0.6305555555555553,0.9261111111111111
2022-08-21 09:16:59.293432109 +0000 UTC m=+4200.101254472,1661073419,Frontend,100,0.2758620689655173,1.1500000000000004,1.8249999999999988,2.3650000000000007
2022-08-21 09:17:59.295671033 +0000 UTC m=+4260.103493397,1661073479,Frontend,100,0.20096153846153844,0.646153846153846,0.8807692307692305,1.890000000000001
2022-08-21 09:18:59.296474538 +0000 UTC m=+4320.104296920,1661073539,Frontend,100,0.24375000000000002,0.9326086956521737,1.4593749999999996,2.2918750000000006
2022-08-21 09:19:59.305786345 +0000 UTC m=+4380.113608752,1661073599,Frontend,100,0.16639344262295083,0.4437499999999999,0.6571428571428569,0.988571428571428
2022-08-21 09:20:59.303387817 +0000 UTC m=+4440.111210189,1661073659,Frontend,100,0.21173469387755103,0.7309523809523814,0.8892857142857147,1.5025000000000095
2022-08-21 09:21:59.300332543 +0000 UTC m=+4500.108154916,1661073719,Frontend,100,0.2,0.893333333333333,1.4833333333333314,2.296666666666667
2022-08-21 09:22:59.281850021 +0000 UTC m=+4560.089672402,1661073779,Frontend,100,0.22142857142857145,0.6277777777777782,0.8138888888888887,0.9627777777777774
2022-08-21 09:23:59.303191006 +0000 UTC m=+4620.111013375,1661073839,Frontend,100,0.19406779661016946,0.49054054054054064,0.7636363636363633,1.4199999999999953
2022-08-21 09:24:59.298616031 +0000 UTC m=+4680.106438395,1661073899,Frontend,100,0.19836065573770492,0.4955882352941177,0.7583333333333335,0.9849999999999994
2022-08-21 09:25:59.305602625 +0000 UTC m=+4740.113424998,1661073959,Frontend,100,0.19000000000000003,0.7190476190476196,0.8833333333333335,1.465000000000004
2022-08-21 09:26:59.309274867 +0000 UTC m=+4800.117097234,1661074019,Frontend,100,0.1711038961038961,0.34166666666666656,0.4374999999999998,0.7124999999999972
2022-08-21 09:27:59.315736568 +0000 UTC m=+4860.123558927,1661074079,Frontend,100,0.16770833333333332,0.38425925925925913,0.4467592592592591,0.49675925925925923
2022-08-21 09:28:59.300634198 +0000 UTC m=+4920.108456561,1661074139,Frontend,100,0.24451219512195124,0.9540000000000002,1.5931818181818194,2.318636363636364
2022-08-21 09:29:59.308991939 +0000 UTC m=+4980.116814310,1661074199,Frontend,100,0.178515625,0.41785714285714276,0.4660714285714284,0.6624999999999993
2022-08-21 09:30:59.308695648 +0000 UTC m=+5040.116518016,1661074259,Frontend,100,0.21029411764705885,0.6323529411764709,0.8455882352941178,1.4125000000000005
2022-08-21 09:31:59.301123698 +0000 UTC m=+5100.108946068,1661074319,Frontend,100,0.18705357142857146,0.5624999999999998,0.7812499999999996,0.9562499999999998
2022-08-21 09:32:59.304225344 +0000 UTC m=+5160.112047715,1661074379,Frontend,100,0.200609756097561,0.6099999999999999,0.8049999999999998,0.9609999999999997
2022-08-21 09:33:59.306655392 +0000 UTC m=+5220.114477764,1661074439,Frontend,100,0.20255102040816325,0.6409090909090911,0.9113636363636358,2.053749999999999
2022-08-21 09:34:59.304768874 +0000 UTC m=+5280.112591235,1661074499,Frontend,100,0.20240384615384618,0.715625,0.9046875000000001,1.8950000000000005
2022-08-21 09:35:59.302388726 +0000 UTC m=+5340.110211106,1661074559,Frontend,100,0.2270833333333333,0.8021739130434783,0.9336956521739131,1.8950000000000005
2022-08-21 09:36:59.30444754 +0000 UTC m=+5400.112269900,1661074619,Frontend,100,0.21093749999999997,0.7031250000000002,0.9140624999999999,1.9937500000000024
2022-08-21 09:37:59.315835915 +0000 UTC m=+5460.123658288,1661074679,Frontend,100,0.2186046511627907,0.761904761904762,0.9047619047619044,1.5999999999999959
2022-08-21 09:38:59.323514934 +0000 UTC m=+5520.131337305,1661074739,Frontend,100,0.2125,0.7660000000000001,0.9029999999999998,1.4724999999999995
2022-08-21 09:39:59.30536762 +0000 UTC m=+5580.113190008,1661074799,Frontend,100,0.17142857142857146,0.44166666666666665,0.5,0.9666666666666659
2022-08-21 09:40:59.3126475 +0000 UTC m=+5640.120469891,1661074859,Frontend,100,0.18863636363636363,0.49199999999999994,0.7333333333333327,0.946666666666667
2022-08-21 09:41:59.311891733 +0000 UTC m=+5700.119714120,1661074919,Frontend,100,0.18055555555555555,0.6874999999999998,0.8906249999999996,1.8500000000000028
2022-08-21 09:42:59.313784309 +0000 UTC m=+5760.121606671,1661074979,Frontend,100,0.22613636363636364,0.8599999999999994,1.4636363636363603,2.292727272727274
2022-08-21 09:43:59.307024907 +0000 UTC m=+5820.114847280,1661075039,Frontend,100,0.18375000000000002,0.6281250000000009,0.8453125000000007,1.4575000000000151
2022-08-21 09:44:59.315050376 +0000 UTC m=+5880.122872739,1661075099,Frontend,100,0.18112244897959184,0.4858333333333334,0.7324999999999996,0.9864999999999996
2022-08-21 09:45:59.311813385 +0000 UTC m=+5940.119635748,1661075159,Frontend,100,0.20691489361702128,0.703333333333334,0.9016666666666668,1.905000000000002
2022-08-21 09:46:59.304155445 +0000 UTC m=+6000.111977816,1661075219,Frontend,100,0.23306451612903226,0.8456521739130433,0.9880434782608688,2.172499999999998
2022-08-21 09:47:59.309907457 +0000 UTC m=+6060.117729818,1661075279,Frontend,100,0.22375,0.7782608695652177,0.9217391304347825,1.8399999999999963
2022-08-21 09:48:59.311480878 +0000 UTC m=+6120.119303244,1661075339,Frontend,100,0.2108695652173913,0.6500000000000011,0.9083333333333334,2.035000000000003
2022-08-21 09:49:59.313850997 +0000 UTC m=+6180.121673389,1661075399,Frontend,100,0.19661016949152546,0.4838235294117648,0.7444444444444436,1.5099999999999856
2022-08-21 09:50:59.31690908 +0000 UTC m=+6240.124731454,1661075459,Frontend,100,0.21320754716981133,0.6904761904761907,0.8452380952380952,0.9690476190476193
2022-08-21 09:51:59.329517267 +0000 UTC m=+6300.137339642,1661075519,Frontend,100,0.2326923076923077,0.8875,1.0750000000000002,2.215
2022-08-21 09:52:59.318211451 +0000 UTC m=+6360.126033837,1661075579,Frontend,100,0.18265306122448977,0.446875,0.4929687499999999,0.8819999999999996
2022-08-21 09:53:59.319636168 +0000 UTC m=+6420.127458530,1661075639,Frontend,100,0.2059782608695652,0.640909090909091,0.9340909090909085,2.1129999999999973
2022-08-21 09:54:59.327062322 +0000 UTC m=+6480.134884696,1661075699,Frontend,100,0.21462264150943397,0.4761111111111112,0.7937500000000017,2.101000000000001
2022-08-21 09:55:59.317575996 +0000 UTC m=+6540.125398357,1661075759,Frontend,100,0.19375,0.7041666666666666,0.9770833333333331,2.1725
2022-08-21 09:56:59.317122289 +0000 UTC m=+6600.124944668,1661075819,Frontend,100,0.21111111111111108,0.6499999999999998,0.8406249999999995,0.993125
2022-08-21 09:57:59.322201737 +0000 UTC m=+6660.130024130,1661075879,Frontend,100,0.19342105263157894,0.5178571428571428,0.7589285714285708,0.9517857142857145
2022-08-21 09:58:59.33109996 +0000 UTC m=+6720.138922320,1661075939,Frontend,100,0.18653846153846154,0.5857142857142861,0.8107142857142853,0.9907142857142858
2022-08-21 09:59:59.331231283 +0000 UTC m=+6780.139053654,1661075999,Frontend,100,0.1982758620689655,0.5214285714285719,0.7785714285714282,0.9842857142857141
2022-08-21 10:00:59.316970037 +0000 UTC m=+6840.124792397,1661076059,Frontend,100,0.35416666666666663,0.9624999999999998,1.547499999999998,2.309499999999999
2022-08-21 10:01:59.337582088 +0000 UTC m=+6900.145404451,1661076119,Frontend,100,0.1842105263157895,0.7000000000000002,0.8763157894736839,1.4949999999999872
2022-08-21 10:02:59.327267886 +0000 UTC m=+6960.135090256,1661076179,Frontend,100,0.20000000000000004,0.6909090909090917,0.9590909090909094,2.146
2022-08-21 10:03:59.324802198 +0000 UTC m=+7020.132624576,1661076239,Frontend,100,0.17983870967741938,0.47884615384615403,0.7199999999999993,0.9839999999999991
2022-08-21 10:04:59.317868596 +0000 UTC m=+7080.125690970,1661076299,Frontend,100,0.19467213114754095,0.48017241379310344,0.6924999999999996,0.9384999999999993
2022-08-21 10:05:59.32950566 +0000 UTC m=+7140.137328027,1661076359,Frontend,100,0.1793269230769231,0.5115384615384613,0.7557692307692304,0.9511538461538458
2022-08-21 10:06:59.336989375 +0000 UTC m=+7200.144811817,1661076419,Frontend,100,0.18194444444444446,0.49351851851851847,0.7824999999999994,1.5474999999999917
2022-08-21 10:07:59.326726003 +0000 UTC m=+7260.134548374,1661076479,Frontend,100,0.17211538461538461,0.536363636363636,0.813636363636363,1.5849999999999977
2022-08-21 10:08:59.319038248 +0000 UTC m=+7320.126860620,1661076539,Frontend,100,0.23255813953488375,0.7315789473684212,0.9052631578947367,1.8399999999999963
2022-08-21 10:09:59.321133559 +0000 UTC m=+7380.128955970,1661076599,Frontend,100,0.19951923076923078,0.7500000000000004,0.9338235294117648,2.0312499999999982
2022-08-21 10:10:59.31938703 +0000 UTC m=+7440.127209397,1661076659,Frontend,100,0.18088235294117647,0.6576923076923076,0.9057692307692304,2.0162499999999968
2022-08-21 10:11:59.321320332 +0000 UTC m=+7500.129142739,1661076719,Frontend,100,0.20625,0.6722222222222222,0.8499999999999995,0.9922222222222224
2022-08-21 10:12:59.321672742 +0000 UTC m=+7560.129495120,1661076779,Frontend,100,0.2095,0.6033333333333335,0.8183333333333334,0.9903333333333331
2022-08-21 10:13:59.323491032 +0000 UTC m=+7620.131313405,1661076839,Frontend,100,0.19152542372881354,0.4937499999999999,0.7599999999999996,0.9919999999999995
2022-08-21 10:14:59.323473234 +0000 UTC m=+7680.131295601,1661076899,Frontend,100,0.165625,0.39,0.4637499999999999,0.8033333333333321
2022-08-21 10:15:59.3235638 +0000 UTC m=+7740.131386160,1661076959,Frontend,100,0.18684210526315786,0.7461538461538463,1.0428571428571438,2.2085714285714264
2022-08-21 10:16:59.328405876 +0000 UTC m=+7800.136228257,1661077019,Frontend,100,0.2255813953488372,0.6631578947368417,0.8315789473684206,0.9663157894736844
2022-08-21 10:17:59.327951305 +0000 UTC m=+7860.135773672,1661077079,Frontend,100,0.19342105263157894,0.6233333333333335,0.8283333333333331,0.9923333333333328
2022-08-21 10:18:59.333623565 +0000 UTC m=+7920.141445940,1661077139,Frontend,100,0.18973214285714282,0.6638888888888886,0.8458333333333328,0.9913888888888887
2022-08-21 10:19:59.336277045 +0000 UTC m=+7980.144099430,1661077199,Frontend,100,0.1921875,0.47822580645161283,0.6968749999999992,0.9893749999999996
2022-08-21 10:20:59.34640088 +0000 UTC m=+8040.154223269,1661077259,Frontend,100,0.19736842105263155,0.45500000000000007,0.4962499999999999,0.9679999999999982
2022-08-21 10:21:59.333870476 +0000 UTC m=+8100.141692848,1661077319,Frontend,100,0.17205882352941176,0.6678571428571429,0.8696428571428567,1.6525000000000005
2022-08-21 10:22:59.340588787 +0000 UTC m=+8160.148411149,1661077379,Frontend,100,0.2101063829787234,0.671052631578947,0.8486842105263153,0.9907894736842106
2022-08-21 10:23:59.336862743 +0000 UTC m=+8220.144685119,1661077439,Frontend,100,0.19776785714285713,0.48310810810810817,0.6931818181818178,0.9386363636363637
2022-08-21 10:24:59.343679559 +0000 UTC m=+8280.151501925,1661077499,Frontend,100,0.19948979591836735,0.683333333333333,1.0374999999999959,2.2074999999999987
2022-08-21 10:25:59.351299536 +0000 UTC m=+8340.159121910,1661077559,Frontend,100,0.2178571428571429,0.6100000000000003,0.8550000000000004,1.7649999999999981
2022-08-21 10:26:59.339112845 +0000 UTC m=+8400.146935235,1661077619,Frontend,100,0.18663793103448276,0.49583333333333335,0.8124999999999998,1.8250000000000048
2022-08-21 10:27:59.337480781 +0000 UTC m=+8460.145303159,1661077679,Frontend,100,0.173,0.48970588235294116,0.8074999999999991,1.8149999999999995
2022-08-21 10:28:59.345603769 +0000 UTC m=+8520.153426129,1661077739,Frontend,100,0.23421052631578948,0.9571428571428571,1.668181818181817,2.333636363636364
2022-08-21 10:29:59.332474998 +0000 UTC m=+8580.140297390,1661077799,Frontend,100,0.1738636363636364,0.407,0.46849999999999986,0.7949999999999975
2022-08-21 10:30:59.340005008 +0000 UTC m=+8640.147827386,1661077859,Frontend,100,0.192578125,0.6035714285714285,0.8196428571428571,0.9924999999999999
2022-08-21 10:31:59.34256758 +0000 UTC m=+8700.150389955,1661077919,Frontend,100,0.1978813559322034,0.48357142857142865,0.6977272727272731,0.9395454545454546
2022-08-21 10:32:59.333041257 +0000 UTC m=+8760.140863625,1661077979,Frontend,100,0.1849264705882353,0.45431034482758637,0.5964285714285732,0.9764285714285732
2022-08-21 10:33:59.348672859 +0000 UTC m=+8820.156495236,1661078039,Frontend,100,0.1819230769230769,0.428225806451613,0.48024193548387106,0.83875
2022-08-21 10:34:59.338377814 +0000 UTC m=+8880.146200180,1661078099,Frontend,100,0.18088235294117647,0.5423076923076927,0.7711538461538459,0.9542307692307692
2022-08-21 10:35:59.344466175 +0000 UTC m=+8940.152288558,1661078159,Frontend,100,0.16195652173913044,0.44843749999999993,0.6674999999999996,0.9335
2022-08-21 10:36:59.335812686 +0000 UTC m=+9000.143635065,1661078219,Frontend,100,0.1948979591836735,0.5428571428571448,0.9857142857142863,2.1900000000000017
2022-08-21 10:37:59.343899431 +0000 UTC m=+9060.151721792,1661078279,Frontend,100,0.18636363636363631,0.44999999999999996,0.5571428571428557,0.9114285714285716
2022-08-21 10:38:59.336058023 +0000 UTC m=+9120.143880392,1661078339,Frontend,100,0.20921052631578949,0.490625,0.7624999999999993,1.487499999999998
2022-08-21 10:39:59.340476025 +0000 UTC m=+9180.148298395,1661078399,Frontend,100,0.2125,0.7107142857142853,0.9267857142857138,2.0462499999999983
2022-08-21 10:40:59.337315671 +0000 UTC m=+9240.145138041,1661078459,Frontend,100,0.23369565217391305,0.7411764705882358,0.9147058823529416,1.9100000000000015
2022-08-21 10:41:59.350895729 +0000 UTC m=+9300.158718103,1661078519,Frontend,100,0.1995689655172414,0.7458333333333338,1.1781249999999979,2.235625000000002
2022-08-21 10:42:59.359667793 +0000 UTC m=+9360.167490168,1661078579,Frontend,100,0.208,0.6714285714285716,0.8714285714285709,1.6599999999999995
2022-08-21 10:43:59.345383794 +0000 UTC m=+9420.153206157,1661078639,Frontend,100,0.2139423076923077,0.6763157894736843,0.8644736842105263,1.4275000000000042
2022-08-21 10:44:59.354635059 +0000 UTC m=+9480.162457442,1661078699,Frontend,100,0.17620967741935487,0.47812500000000024,0.7022727272727272,0.9404545454545455
2022-08-21 10:45:59.366303303 +0000 UTC m=+9540.174125671,1661078759,Frontend,100,0.19899999999999998,0.7333333333333331,0.8904761904761904,1.5100000000000058
2022-08-21 10:46:59.339866908 +0000 UTC m=+9600.147689283,1661078819,Frontend,100,0.17164179104477612,0.428846153846154,0.49326923076923074,0.9659999999999984
2022-08-21 10:47:59.35719635 +0000 UTC m=+9660.165018723,1661078879,Frontend,100,0.1761029411764706,0.4654411764705883,0.6431818181818186,0.9286363636363637
2022-08-21 10:48:59.342968068 +0000 UTC m=+9720.150790428,1661078939,Frontend,100,0.20754716981132076,0.6111111111111113,0.8055555555555557,0.961111111111111
2022-08-21 10:49:59.353852192 +0000 UTC m=+9780.161674574,1661078999,Frontend,100,0.205,0.8583333333333328,1.4666666666666628,2.2933333333333334
2022-08-21 10:50:59.343460898 +0000 UTC m=+9840.151283275,1661079059,Frontend,100,0.2290697674418605,0.7227272727272729,0.8727272727272722,0.9927272727272723
2022-08-21 10:51:59.343987234 +0000 UTC m=+9900.151809594,1661079119,Frontend,100,0.1791095890410959,0.41979166666666673,0.4859375,0.8729999999999996
2022-08-21 10:52:59.359978919 +0000 UTC m=+9960.167801288,1661079179,Frontend,100,0.18289473684210525,0.7423076923076926,0.9865384615384615,2.1824999999999988
2022-08-21 10:53:59.358257266 +0000 UTC m=+10020.166079663,1661079239,Frontend,100,0.17394366197183098,0.3911764705882353,0.475,0.8575000000000007
2022-08-21 10:54:59.347645151 +0000 UTC m=+10080.155467524,1661079299,Frontend,100,0.2105263157894737,0.5133333333333336,0.7566666666666667,0.9513333333333334
2022-08-21 10:55:59.356737718 +0000 UTC m=+10140.164560105,1661079359,Frontend,100,0.20240384615384618,0.4932926829268293,0.7288461538461536,0.9457692307692311
2022-08-21 10:56:59.355011256 +0000 UTC m=+10200.162833631,1661079419,Frontend,100,0.18303571428571427,0.6666666666666669,0.9375000000000002,2.1100000000000034
2022-08-21 10:57:59.353689299 +0000 UTC m=+10260.161511660,1661079479,Frontend,100,0.17887931034482757,0.4858695652173913,0.8031249999999991,1.8849999999999922
2022-08-21 10:58:59.348240262 +0000 UTC m=+10320.156062635,1661079539,Frontend,100,0.2131818181818182,0.7166666666666673,0.8821428571428578,1.4575000000000151
2022-08-21 10:59:59.349833067 +0000 UTC m=+10380.157655440,1661079599,Frontend,100,0.19279661016949154,0.4835937500000001,0.7224999999999998,0.9844999999999998
2022-08-21 11:00:59.355702693 +0000 UTC m=+10440.163525060,1661079659,Frontend,100,0.19404761904761902,0.6035714285714285,0.8374999999999994,1.5174999999999947
2022-08-21 11:01:59.343839916 +0000 UTC m=+10500.151662298,1661079719,Frontend,100,0.18653846153846154,0.478,0.8399999999999989,2.080000000000001
2022-08-21 11:02:59.348714835 +0000 UTC m=+10560.156537204,1661079779,Frontend,100,0.20867346938775508,0.8934782608695654,1.465,3.9249999999999927
2022-08-21 11:03:59.356731381 +0000 UTC m=+10620.164553744,1661079839,Frontend,100,0.2255813953488372,0.7588235294117649,0.9529411764705878,2.1039999999999965
2022-08-21 11:04:59.356711413 +0000 UTC m=+10680.164533773,1661079899,Frontend,100,0.1940909090909091,0.4943548387096774,0.8531249999999989,2.0237499999999957
2022-08-21 11:05:59.375519582 +0000 UTC m=+10740.183341959,1661079959,Frontend,100,0.1676056338028169,0.37619047619047646,0.4500000000000001,0.6900000000000038
2022-08-21 11:06:59.349626076 +0000 UTC m=+10800.157448479,1661080019,Frontend,100,0.22678571428571428,0.7763157894736837,0.9539473684210518,2.0949999999999993
2022-08-21 11:07:59.36011743 +0000 UTC m=+10860.167939806,1661080079,Frontend,100,0.21959459459459457,0.7978260869565219,0.9423913043478263,2.0012500000000015
2022-08-21 11:08:59.354947305 +0000 UTC m=+10920.162769674,1661080139,Frontend,100,0.19836065573770492,0.7083333333333335,0.8645833333333334,0.9895833333333334
2022-08-21 11:09:59.367059538 +0000 UTC m=+10980.174881899,1661080199,Frontend,100,0.1875,0.46439393939393936,0.6031249999999996,0.9206249999999996
2022-08-21 11:10:59.354970945 +0000 UTC m=+11040.162793307,1661080259,Frontend,100,0.19107142857142856,0.48928571428571416,0.8062499999999989,1.8899999999999983
2022-08-21 11:11:59.37474713 +0000 UTC m=+11100.182569496,1661080319,Frontend,100,0.20597826086956525,0.8833333333333342,1.6068181818181815,2.321363636363636
2022-08-21 11:12:59.360309684 +0000 UTC m=+11160.168132051,1661080379,Frontend,100,0.20673076923076922,0.7642857142857145,1.0428571428571438,2.2085714285714264
2022-08-21 11:13:59.366656758 +0000 UTC m=+11220.174479132,1661080439,Frontend,100,0.16346153846153846,0.45735294117647063,0.7535714285714282,1.8549999999999955
2022-08-21 11:14:59.360567472 +0000 UTC m=+11280.168389846,1661080499,Frontend,100,0.2125,0.7657894736842109,0.9355263157894741,2.01625
2022-08-21 11:15:59.369272069 +0000 UTC m=+11340.177094444,1661080559,Frontend,100,0.18135593220338983,0.5,1,2.2
2022-08-21 11:16:59.363887498 +0000 UTC m=+11400.171709872,1661080619,Frontend,100,0.19221311475409833,0.48951612903225816,0.797222222222223,1.8350000000000035
2022-08-21 11:17:59.362211632 +0000 UTC m=+11460.170034004,1661080679,Frontend,100,0.18771186440677964,0.4989583333333335,0.7704545454545456,0.9904545454545453
2022-08-21 11:18:59.365633671 +0000 UTC m=+11520.173456050,1661080739,Frontend,100,0.17625,0.47499999999999987,0.7194444444444441,0.9883333333333332
2022-08-21 11:19:59.374830682 +0000 UTC m=+11580.182653047,1661080799,Frontend,100,0.17375,0.4440476190476189,0.5821428571428559,0.916428571428571
2022-08-21 11:20:59.362566967 +0000 UTC m=+11640.170389359,1661080859,Frontend,100,0.178,0.4055555555555555,0.4666666666666666,0.7800000000000012
2022-08-21 11:21:59.373020194 +0000 UTC m=+11700.180842563,1661080919,Frontend,100,0.20568181818181816,0.7187499999999993,0.9374999999999993,2.079999999999997
2022-08-21 11:22:59.362141888 +0000 UTC m=+11760.169964263,1661080979,Frontend,100,0.187890625,0.5863636363636365,0.8613636363636364,1.8950000000000005
2022-08-21 11:23:59.368656368 +0000 UTC m=+11820.176478729,1661081039,Frontend,100,0.1943548387096774,0.6437499999999998,0.8374999999999995,0.9925
2022-08-21 11:24:59.360762526 +0000 UTC m=+11880.168584905,1661081099,Frontend,100,0.20044642857142858,0.45192307692307704,0.4919871794871795,0.9687500000000016
2022-08-21 11:25:59.379387848 +0000 UTC m=+11940.187210226,1661081159,Frontend,100,0.2477272727272727,0.841304347826087,0.9749999999999999,2.1309999999999962
2022-08-21 11:26:59.369425048 +0000 UTC m=+12000.177247416,1661081219,Frontend,100,0.1842105263157895,0.49600000000000016,0.7900000000000004,1.5700000000000116
2022-08-21 11:27:59.380684452 +0000 UTC m=+12060.188506819,1661081279,Frontend,100,0.2207317073170732,0.7449999999999999,0.8974999999999996,1.5849999999999977
2022-08-21 11:28:59.378722409 +0000 UTC m=+12120.186544782,1661081339,Frontend,100,0.1826271186440678,0.5500000000000002,0.794230769230769,0.9896153846153843
2022-08-21 11:29:59.373917159 +0000 UTC m=+12180.181739536,1661081399,Frontend,100,0.18727272727272726,0.5666666666666669,0.7833333333333332,0.956666666666667
2022-08-21 11:30:59.375354416 +0000 UTC m=+12240.183176789,1661081459,Frontend,100,0.20255102040816325,0.4777027027027027,0.6781249999999995,0.9856249999999991
2022-08-21 11:31:59.36824287 +0000 UTC m=+12300.176065242,1661081519,Frontend,100,0.18942307692307694,0.6200000000000002,0.9349999999999997,2.122000000000002
2022-08-21 11:32:59.3723717 +0000 UTC m=+12360.180194065,1661081579,Frontend,100,0.2377906976744186,0.7788461538461536,0.927884615384615,1.9187500000000004
2022-08-21 11:33:59.36726889 +0000 UTC m=+12420.175091276,1661081639,Frontend,100,0.19152542372881357,0.472972972972973,0.6500000000000005,0.9299999999999998
2022-08-21 11:34:59.384776082 +0000 UTC m=+12480.192598464,1661081699,Frontend,100,0.19568965517241377,0.6176470588235291,0.8382352941176469,1.375
2022-08-21 11:35:59.369273423 +0000 UTC m=+12540.177095793,1661081759,Frontend,100,0.1786290322580645,0.4394230769230768,0.4985576923076921,0.8974999999999986
2022-08-21 11:36:59.38546099 +0000 UTC m=+12600.193283364,1661081819,Frontend,100,0.19166666666666665,0.4671874999999999,0.6187499999999995,0.92375
2022-08-21 11:37:59.370204414 +0000 UTC m=+12660.178026776,1661081879,Frontend,100,0.17947761194029851,0.45900000000000024,0.6361111111111113,0.9272222222222223
2022-08-21 11:38:59.379202907 +0000 UTC m=+12720.187025278,1661081939,Frontend,100,0.18951612903225806,0.5384615384615388,0.7692307692307692,0.9538461538461538
2022-08-21 11:39:59.375461576 +0000 UTC m=+12780.183283948,1661081999,Frontend,100,0.2033333333333333,0.5400000000000003,0.8449999999999993,1.8899999999999983
2022-08-21 11:40:59.380764873 +0000 UTC m=+12840.188587246,1661082059,Frontend,100,0.233125,0.7625000000000002,0.9187500000000002,1.874999999999999
2022-08-21 11:41:59.375595381 +0000 UTC m=+12900.183417754,1661082119,Frontend,100,0.17909090909090908,0.4620000000000001,0.6499999999999996,0.9871428571428567
2022-08-21 11:42:59.3837808 +0000 UTC m=+12960.191603168,1661082179,Frontend,100,0.2185,0.644736842105263,0.8223684210526312,0.9644736842105264
2022-08-21 11:43:59.373793222 +0000 UTC m=+13020.181615603,1661082239,Frontend,100,0.20441176470588238,0.7583333333333332,0.9347222222222217,2.0237499999999957
2022-08-21 11:44:59.377538749 +0000 UTC m=+13080.185361119,1661082299,Frontend,100,0.19333333333333338,0.553846153846154,0.7961538461538458,0.9900000000000001
2022-08-21 11:45:59.393932963 +0000 UTC m=+13140.201755331,1661082359,Frontend,100,0.19241071428571427,0.5374999999999998,0.7895833333333332,0.9912499999999997
2022-08-21 11:46:59.377399669 +0000 UTC m=+13200.185222058,1661082419,Frontend,100,0.1875,0.4379032258064517,0.4891129032258065,0.8729999999999996
2022-08-21 11:47:59.377123129 +0000 UTC m=+13260.184945499,1661082479,Frontend,100,0.22812500000000005,0.6176470588235301,0.8088235294117648,0.9617647058823534
2022-08-21 11:48:59.381217535 +0000 UTC m=+13320.189039908,1661082539,Frontend,100,0.215625,0.6545454545454547,0.963636363636364,2.159999999999998
2022-08-21 11:49:59.373691407 +0000 UTC m=+13380.181513769,1661082599,Frontend,100,0.18389830508474578,0.47727272727272735,0.6818181818181822,0.9363636363636363
2022-08-21 11:50:59.375588926 +0000 UTC m=+13440.183411318,1661082659,Frontend,100,0.17118644067796612,0.47142857142857175,0.7714285714285719,1.880000000000005
2022-08-21 11:51:59.386006473 +0000 UTC m=+13500.193828851,1661082719,Frontend,100,0.20639534883720928,0.7911764705882353,0.9691176470588234,2.137
2022-08-21 11:52:59.401075075 +0000 UTC m=+13560.208897454,1661082779,Frontend,100,0.2131818181818182,0.6038461538461537,0.8403846153846151,1.5774999999999884
2022-08-21 11:53:59.386914512 +0000 UTC m=+13620.194736884,1661082839,Frontend,100,0.19583333333333333,0.5500000000000002,0.794230769230769,0.9896153846153843
2022-08-21 11:54:59.387952521 +0000 UTC m=+13680.195774894,1661082899,Frontend,100,0.20975609756097566,0.7000000000000003,0.8638888888888888,0.9949999999999998
2022-08-21 11:55:59.391653996 +0000 UTC m=+13740.199476358,1661082959,Frontend,100,0.19875,0.6099999999999999,0.8216666666666663,0.9909999999999997
2022-08-21 11:56:59.382632632 +0000 UTC m=+13800.190454992,1661083019,Frontend,100,0.18076923076923077,0.4531250000000001,0.5625000000000012,0.9125
2022-08-21 11:57:59.382631634 +0000 UTC m=+13860.190454033,1661083079,Frontend,100,0.18852459016393444,0.5357142857142865,0.767857142857143,0.9535714285714288
2022-08-21 11:58:59.39165365 +0000 UTC m=+13920.199476028,1661083139,Frontend,100,0.19705882352941176,0.7315789473684216,0.9052631578947368,1.8399999999999963
2022-08-21 11:59:59.396189867 +0000 UTC m=+13980.204012235,1661083199,Frontend,100,0.190625,0.45151515151515137,0.4946969696969696,0.9825000000000003
2022-08-21 12:00:59.398830607 +0000 UTC m=+14040.206652975,1661083259,Frontend,100,0.19508928571428572,0.4607142857142859,0.5535714285714293,0.9107142857142854
2022-08-21 12:01:59.391510503 +0000 UTC m=+14100.199332877,1661083319,Frontend,100,0.2125,0.816666666666667,0.9678571428571429,2.1189999999999984
2022-08-21 12:02:59.385400825 +0000 UTC m=+14160.193223187,1661083379,Frontend,100,0.235,0.711764705882353,0.8999999999999994,1.8600000000000017
2022-08-21 12:03:59.398371472 +0000 UTC m=+14220.206193835,1661083439,Frontend,100,0.19954545454545453,0.7794117647058822,0.977941176470588,2.162500000000001
2022-08-21 12:04:59.385617495 +0000 UTC m=+14280.193439855,1661083499,Frontend,100,0.17629310344827587,0.46785714285714275,0.6749999999999993,0.9349999999999997
2022-08-21 12:05:59.385267156 +0000 UTC m=+14340.193089533,1661083559,Frontend,100,0.21527777777777776,0.6233333333333334,0.8449999999999999,1.5024999999999964
2022-08-21 12:06:59.392309182 +0000 UTC m=+14400.200131542,1661083619,Frontend,100,0.25,0.9130434782608695,1.4166666666666654,2.283333333333335
2022-08-21 12:07:59.403062316 +0000 UTC m=+14460.210884692,1661083679,Frontend,100,0.18490566037735848,0.6692307692307696,0.9115384615384615,2.027500000000004
2022-08-21 12:08:59.390886109 +0000 UTC m=+14520.198708481,1661083739,Frontend,100,0.2035,0.644117647058824,0.8514705882352938,1.4425000000000028
2022-08-21 12:09:59.397044705 +0000 UTC m=+14580.204867079,1661083799,Frontend,100,0.18690476190476188,0.6343750000000002,0.8484374999999995,1.4724999999999995
2022-08-21 12:10:59.396720229 +0000 UTC m=+14640.204542590,1661083859,Frontend,100,0.1820754716981132,0.47400000000000003,0.7000000000000002,0.9899999999999994
2022-08-21 12:11:59.393522711 +0000 UTC m=+14700.201345085,1661083919,Frontend,100,0.20047169811320753,0.5374999999999998,0.7895833333333332,0.9912499999999997
2022-08-21 12:12:59.397811429 +0000 UTC m=+14760.205633799,1661083979,Frontend,100,0.21176470588235297,0.6312499999999998,0.8312499999999993,0.9912500000000001
2022-08-21 12:13:59.394688089 +0000 UTC m=+14820.202510460,1661084039,Frontend,100,0.18283582089552236,0.46250000000000013,0.6928571428571428,1.5550000000000135
2022-08-21 12:14:59.38803596 +0000 UTC m=+14880.195858333,1661084099,Frontend,100,0.18360655737704917,0.46799999999999986,0.7416666666666654,1.8899999999999983
2022-08-21 12:15:59.383696349 +0000 UTC m=+14940.191518717,1661084159,Frontend,100,0.2760416666666666,0.9703125,1.6204545454545451,2.3240909090909083
2022-08-21 12:16:59.399823476 +0000 UTC m=+15000.207645845,1661084219,Frontend,100,0.18472222222222223,0.5150000000000003,0.8325000000000002,1.865
2022-08-21 12:17:59.399574595 +0000 UTC m=+15060.207396968,1661084279,Frontend,100,0.1891509433962264,0.5541666666666668,0.8187500000000002,1.5475000000000043
2022-08-21 12:18:59.411368892 +0000 UTC m=+15120.219191258,1661084339,Frontend,100,0.194921875,0.4382812500000001,0.484765625,0.8512500000000002
2022-08-21 12:19:59.415114902 +0000 UTC m=+15180.222937281,1661084399,Frontend,100,0.16964285714285718,0.41666666666666663,0.48214285714285704,0.8625000000000002
2022-08-21 12:20:59.400190748 +0000 UTC m=+15240.208013135,1661084459,Frontend,100,0.18928571428571428,0.471969696969697,0.6574999999999994,0.9315000000000002
2022-08-21 12:21:59.416269564 +0000 UTC m=+15300.224091937,1661084519,Frontend,100,0.19000000000000003,0.4879310344827588,0.7181818181818181,0.9436363636363639
2022-08-21 12:22:59.401186808 +0000 UTC m=+15360.209009172,1661084579,Frontend,100,0.1774193548387097,0.46785714285714286,0.6599999999999998,0.9319999999999994
2022-08-21 12:23:59.399866522 +0000 UTC m=+15420.207688895,1661084639,Frontend,100,0.2125,0.8382352941176469,1.234374999999997,2.2468750000000006
2022-08-21 12:24:59.399114102 +0000 UTC m=+15480.206936482,1661084699,Frontend,100,0.20131578947368423,0.6458333333333344,0.9062500000000004,2.0312499999999982
2022-08-21 12:25:59.40898763 +0000 UTC m=+15540.216809994,1661084759,Frontend,100,0.1826271186440678,0.4532608695652175,0.6124999999999998,0.9891666666666667
2022-08-21 12:26:59.398735899 +0000 UTC m=+15600.206558269,1661084819,Frontend,100,0.23928571428571427,0.6538461538461543,0.8846153846153846,1.9
2022-08-21 12:27:59.409375432 +0000 UTC m=+15660.217197826,1661084879,Frontend,100,0.18676470588235292,0.487857142857143,0.7145833333333333,0.942916666666667
2022-08-21 12:28:59.415636509 +0000 UTC m=+15720.223458882,1661084939,Frontend,100,0.20372340425531915,0.6852941176470589,0.8867647058823525,1.8149999999999995
2022-08-21 12:29:59.406395573 +0000 UTC m=+15780.214217942,1661084999,Frontend,100,0.16790540540540538,0.37499999999999983,0.4572368421052629,0.7916666666666645
2022-08-21 12:30:59.411576312 +0000 UTC m=+15840.219398705,1661085059,Frontend,100,0.21179245283018866,0.49935897435897425,0.8583333333333318,2.0087499999999974
2022-08-21 12:31:59.393859554 +0000 UTC m=+15900.201681917,1661085119,Frontend,100,0.17058823529411765,0.4029411764705882,0.48823529411764693,0.8839999999999993
2022-08-21 12:32:59.409876376 +0000 UTC m=+15960.217698747,1661085179,Frontend,100,0.2225609756097561,0.7617647058823533,0.9544117647058823,2.107
2022-08-21 12:33:59.41840277 +0000 UTC m=+16020.226225147,1661085239,Frontend,100,0.1979591836734694,0.6750000000000007,0.8687500000000002,1.5700000000000116
2022-08-21 12:34:59.407462153 +0000 UTC m=+16080.215284531,1661085299,Frontend,100,0.2134146341463415,0.47195121951219515,0.5857142857142857,0.9171428571428568
2022-08-21 12:35:59.40513729 +0000 UTC m=+16140.212959657,1661085359,Frontend,100,0.2275,0.7444444444444439,0.9277777777777776,2.0050000000000026
2022-08-21 12:36:59.408886854 +0000 UTC m=+16200.216709221,1661085419,Frontend,100,0.1705,0.4759615384615383,0.7343749999999988,1.56249999999999
2022-08-21 12:37:59.420234942 +0000 UTC m=+16260.228057333,1661085479,Frontend,100,0.17932692307692305,0.557692307692307,0.7980769230769225,0.9903846153846149
2022-08-21 12:38:59.411183045 +0000 UTC m=+16320.219005415,1661085539,Frontend,100,0.1971590909090909,0.6657894736842106,0.8460526315789471,0.9902631578947368
2022-08-21 12:39:59.404552796 +0000 UTC m=+16380.212375176,1661085599,Frontend,100,0.22443181818181818,0.6676470588235295,0.8632352941176471,1.5024999999999964
2022-08-21 12:40:59.408804191 +0000 UTC m=+16440.216626552,1661085659,Frontend,100,0.21686046511627904,0.8068181818181818,0.9602272727272725,2.0950000000000015
2022-08-21 12:41:59.39844711 +0000 UTC m=+16500.206269478,1661085719,Frontend,100,0.19,0.7615384615384617,1.0857142857142819,2.217142857142854
2022-08-21 12:42:59.412630558 +0000 UTC m=+16560.220452940,1661085779,Frontend,100,0.19738805970149254,0.47770270270270265,0.6924999999999996,0.9785000000000004
2022-08-21 12:43:59.406419571 +0000 UTC m=+16620.214241938,1661085839,Frontend,100,0.19861111111111113,0.49469696969696964,0.7568181818181814,0.9877272727272723
2022-08-21 12:44:59.414201172 +0000 UTC m=+16680.222023534,1661085899,Frontend,100,0.175,0.4596153846153846,0.6187499999999995,0.92375
2022-08-21 12:45:59.425672864 +0000 UTC m=+16740.233495233,1661085959,Frontend,100,0.21020408163265308,0.8333333333333337,0.9687500000000001,2.1100000000000034
2022-08-21 12:46:59.414585702 +0000 UTC m=+16800.222408071,1661086019,Frontend,100,0.19056603773584907,0.7000000000000002,0.8968749999999994,1.8700000000000006
2022-08-21 12:47:59.409975164 +0000 UTC m=+16860.217797528,1661086079,Frontend,100,0.18671874999999996,0.44285714285714267,0.5499999999999979,0.9099999999999996
2022-08-21 12:48:59.418598649 +0000 UTC m=+16920.226421013,1661086139,Frontend,100,0.20277777777777778,0.6312499999999998,0.8468749999999993,1.4649999999999905
2022-08-21 12:49:59.411367808 +0000 UTC m=+16980.219190196,1661086199,Frontend,100,0.19807692307692307,0.817857142857143,1.203571428571429,2.2407142857142857
2022-08-21 12:50:59.43141158 +0000 UTC m=+17040.239233940,1661086259,Frontend,100,0.18571428571428572,0.456896551724138,0.5714285714285711,0.9142857142857143
2022-08-21 12:51:59.415449918 +0000 UTC m=+17100.223272295,1661086319,Frontend,100,0.18085937500000002,0.4475,0.5250000000000001,0.905
2022-08-21 12:52:59.413770082 +0000 UTC m=+17160.221592452,1661086379,Frontend,100,0.17901785714285717,0.4675925925925927,0.671875,0.9843749999999992
2022-08-21 12:53:59.420818544 +0000 UTC m=+17220.228640923,1661086439,Frontend,100,0.19545454545454544,0.4863636363636364,0.7090909090909084,0.9418181818181822
2022-08-21 12:54:59.421706589 +0000 UTC m=+17280.229528964,1661086499,Frontend,100,0.175,0.5500000000000006,0.8134615384615381,1.4724999999999995
2022-08-21 12:55:59.413409285 +0000 UTC m=+17340.221231654,1661086559,Frontend,100,0.2010204081632653,0.4921052631578948,0.7249999999999994,0.9449999999999994
2022-08-21 12:56:59.419910872 +0000 UTC m=+17400.227733251,1661086619,Frontend,100,0.2065,0.6815789473684208,0.8539473684210521,0.9918421052631576
2022-08-21 12:57:59.428176912 +0000 UTC m=+17460.235999282,1661086679,Frontend,100,0.17750000000000002,0.6300000000000004,0.9399999999999998,2.128000000000002
2022-08-21 12:58:59.41921859 +0000 UTC m=+17520.227040961,1661086739,Frontend,100,0.176875,0.4103448275862071,0.47241379310344833,0.8200000000000005
2022-08-21 12:59:59.427842735 +0000 UTC m=+17580.235665100,1661086799,Frontend,100,0.19,0.6526315789473687,0.8263157894736838,0.9652631578947364
2022-08-21 13:00:59.42022023 +0000 UTC m=+17640.228042605,1661086859,Frontend,100,0.18705357142857143,0.6099999999999999,0.8049999999999998,0.9609999999999997
2022-08-21 13:01:59.419328745 +0000 UTC m=+17700.227151118,1661086919,Frontend,100,0.2353658536585366,0.56,0.7799999999999994,0.9559999999999995
2022-08-21 13:02:59.430946796 +0000 UTC m=+17760.238769173,1661086979,Frontend,100,0.18405172413793106,0.7147058823529413,0.9161764705882347,1.9862499999999998
2022-08-21 13:03:59.420068774 +0000 UTC m=+17820.227891152,1661087039,Frontend,100,0.19722222222222222,0.4971428571428573,0.8150000000000003,1.8299999999999972
2022-08-21 13:04:59.420065666 +0000 UTC m=+17880.227888040,1661087099,Frontend,100,0.21,0.6437500000000004,0.8531249999999997,1.4949999999999872
2022-08-21 13:05:59.41695166 +0000 UTC m=+17940.224774024,1661087159,Frontend,100,0.19342105263157897,0.6392857142857151,0.8910714285714286,1.971250000000005
2022-08-21 13:06:59.414679194 +0000 UTC m=+18000.222501572,1661087219,Frontend,100,0.175,0.5409090909090912,0.8159090909090908,1.592499999999997
2022-08-21 13:07:59.418171192 +0000 UTC m=+18060.225993559,1661087279,Frontend,100,0.20178571428571432,0.6764705882352944,0.8823529411764709,1.800000000000001
2022-08-21 13:08:59.430865448 +0000 UTC m=+18120.238687822,1661087339,Frontend,100,0.2025,0.5733333333333333,0.8033333333333328,0.9873333333333331
2022-08-21 13:09:59.427508626 +0000 UTC m=+18180.235330987,1661087399,Frontend,100,0.18507462686567167,0.4426470588235295,0.4933823529411764,0.8849999999999995
2022-08-21 13:10:59.427115138 +0000 UTC m=+18240.234937508,1661087459,Frontend,100,0.21,0.8428571428571429,0.9928571428571427,2.185000000000002
2022-08-21 13:11:59.417642758 +0000 UTC m=+18300.225465133,1661087519,Frontend,100,0.1982758620689655,0.533333333333333,0.7874999999999995,0.9908333333333332
2022-08-21 13:12:59.427814688 +0000 UTC m=+18360.235637062,1661087579,Frontend,100,0.17148437500000002,0.7458333333333338,1.0964285714285693,2.219285714285714
2022-08-21 13:13:59.423962574 +0000 UTC m=+18420.231784950,1661087639,Frontend,100,0.22925531914893613,0.6972222222222221,0.8902777777777776,1.8050000000000008
2022-08-21 13:14:59.426067066 +0000 UTC m=+18480.233889435,1661087699,Frontend,100,0.1855263157894737,0.4974137931034483,0.7442307692307694,0.9488461538461538
2022-08-21 13:15:59.421952454 +0000 UTC m=+18540.229774819,1661087759,Frontend,100,0.17636363636363636,0.6363636363636365,0.9090909090909087,2.0499999999999994
2022-08-21 13:16:59.437782496 +0000 UTC m=+18600.245604859,1661087819,Frontend,100,0.19272727272727275,0.6384615384615395,0.8769230769230772,1.880000000000005
2022-08-21 13:17:59.422852765 +0000 UTC m=+18660.230675146,1661087879,Frontend,100,0.17647058823529413,0.5384615384615383,0.7692307692307689,0.9538461538461538
2022-08-21 13:18:59.428541717 +0000 UTC m=+18720.236364112,1661087939,Frontend,100,0.18705357142857137,0.6730769230769226,0.9134615384615377,2.031249999999995
2022-08-21 13:19:59.426408406 +0000 UTC m=+18780.234230779,1661087999,Frontend,100,0.1975,0.6218749999999998,0.8109375,0.9621875
2022-08-21 13:20:59.435807126 +0000 UTC m=+18840.243629486,1661088059,Frontend,100,0.275,0.9625000000000005,1.6477272727272732,2.3295454545454537
2022-08-21 13:21:59.431094876 +0000 UTC m=+18900.238917251,1661088119,Frontend,100,0.1857142857142857,0.7454545454545454,1.2250000000000003,2.2449999999999983
2022-08-21 13:22:59.426197575 +0000 UTC m=+18960.234019935,1661088179,Frontend,100,0.18516949152542372,0.5346153846153844,0.7865384615384609,0.9880769230769229
2022-08-21 13:23:59.437213422 +0000 UTC m=+19020.245035792,1661088239,Frontend,100,0.20434782608695656,0.8000000000000005,0.9735294117647061,2.146
2022-08-21 13:24:59.429994732 +0000 UTC m=+19080.237817110,1661088299,Frontend,100,0.2104545454545455,0.6735294117647064,0.8661764705882354,1.5175000000000076
2022-08-21 13:25:59.439522249 +0000 UTC m=+19140.247344619,1661088359,Frontend,100,0.23653846153846156,0.7374999999999998,0.9062499999999993,1.8249999999999986
2022-08-21 13:26:59.427877556 +0000 UTC m=+19200.235699948,1661088419,Frontend,100,0.2812499999999999,1.2499999999999993,1.8749999999999991,2.374999999999999
2022-08-21 13:27:59.452323517 +0000 UTC m=+19260.260145887,1661088479,Frontend,100,0.175,0.46125,0.6638888888888886,0.9327777777777778
2022-08-21 13:28:59.434231019 +0000 UTC m=+19320.242053389,1661088539,Frontend,100,0.1894736842105263,0.4795454545454545,0.6999999999999995,0.9399999999999998
2022-08-21 13:29:59.441330186 +0000 UTC m=+19380.249152563,1661088599,Frontend,100,0.20384615384615387,0.6687500000000003,0.8656250000000001,1.5550000000000135
2022-08-21 13:30:59.433708442 +0000 UTC m=+19440.241530832,1661088659,Frontend,100,0.18571428571428572,0.4629032258064517,0.6062499999999997,0.9212500000000005
2022-08-21 13:31:59.431791065 +0000 UTC m=+19500.239613434,1661088719,Frontend,100,0.18973214285714288,0.5192307692307696,0.7596153846153846,0.9519230769230766
2022-08-21 13:32:59.459391964 +0000 UTC m=+19560.267214335,1661088779,Frontend,100,0.18552631578947368,0.6730769230769226,0.9134615384615377,2.031249999999995
2022-08-21 13:33:59.446647579 +0000 UTC m=+19620.254469957,1661088839,Frontend,100,0.17720588235294116,0.4474999999999998,0.6187499999999989,0.9237499999999998
2022-08-21 13:34:59.440679194 +0000 UTC m=+19680.248501554,1661088899,Frontend,100,0.20657894736842106,0.5192307692307696,0.7596153846153846,0.9519230769230766
2022-08-21 13:35:59.444881266 +0000 UTC m=+19740.252703639,1661088959,Frontend,100,0.209375,0.6842105263157894,0.8684210526315788,1.449999999999992
2022-08-21 13:36:59.450240385 +0000 UTC m=+19800.258062746,1661089019,Frontend,100,0.190625,0.4442307692307692,0.4913461538461538,1.7649999999999981
2022-08-21 13:37:59.438637614 +0000 UTC m=+19860.246459975,1661089079,Frontend,100,0.19705882352941176,0.7538461538461545,0.9923076923076921,2.190000000000001
2022-08-21 13:38:59.435081083 +0000 UTC m=+19920.242903474,1661089139,Frontend,100,0.2061320754716981,0.48958333333333326,0.7159090909090904,0.9431818181818178
2022-08-21 13:39:59.448741859 +0000 UTC m=+19980.256564234,1661089199,Frontend,100,0.217,0.47899999999999987,0.6449999999999989,0.9289999999999998
2022-08-21 13:40:59.443167844 +0000 UTC m=+20040.250990220,1661089259,Frontend,100,0.17806122448979592,0.6115384615384615,0.844230769230769,1.592499999999997
2022-08-21 13:41:59.44625862 +0000 UTC m=+20100.254080987,1661089319,Frontend,100,0.19056603773584904,0.48965517241379297,0.8062499999999989,1.8899999999999983
2022-08-21 13:42:59.447119071 +0000 UTC m=+20160.254941434,1661089379,Frontend,100,0.22083333333333335,0.6875000000000008,0.947916666666667,2.1249999999999982
2022-08-21 13:43:59.44312214 +0000 UTC m=+20220.250944510,1661089439,Frontend,100,0.1834677419354839,0.7323529411764707,0.9102941176470588,1.8950000000000005
2022-08-21 13:44:59.440582732 +0000 UTC m=+20280.248405105,1661089499,Frontend,100,0.21682692307692308,0.7420000000000005,0.8810000000000006,0.9922000000000005
2022-08-21 13:45:59.44697323 +0000 UTC m=+20340.254795601,1661089559,Frontend,100,0.19241071428571427,0.6033333333333335,0.8183333333333334,0.9903333333333331
2022-08-21 13:46:59.440913337 +0000 UTC m=+20400.248735701,1661089619,Frontend,100,0.18275862068965518,0.4537037037037038,0.5714285714285711,0.9142857142857143
2022-08-21 13:47:59.455074775 +0000 UTC m=+20460.262897153,1661089679,Frontend,100,0.16911764705882354,0.644117647058824,0.8367647058823527,0.9908823529411763
2022-08-21 13:48:59.491228971 +0000 UTC m=+20520.299051342,1661089739,Frontend,100,0.23875000000000002,0.6588235294117651,0.8441176470588236,0.9923529411764714
2022-08-21 13:49:59.44994501 +0000 UTC m=+20580.257767388,1661089799,Frontend,100,0.18472222222222223,0.5045454545454546,0.7749999999999994,0.991363636363636
2022-08-21 13:50:59.446094753 +0000 UTC m=+20640.253917112,1661089859,Frontend,100,0.1686619718309859,0.47500000000000037,0.7295454545454555,0.9822727272727286
2022-08-21 13:51:59.448099763 +0000 UTC m=+20700.255922157,1661089919,Frontend,100,0.18225806451612903,0.4899999999999999,0.7291666666666662,0.9458333333333337
2022-08-21 13:52:59.447103211 +0000 UTC m=+20760.254925589,1661089979,Frontend,100,0.18076923076923077,0.4545454545454546,0.6428571428571423,0.9857142857142853
2022-08-21 13:53:59.448192679 +0000 UTC m=+20820.256015042,1661090039,Frontend,100,0.19342105263157894,0.49166666666666675,0.729545454545454,0.9459090909090908
2022-08-21 13:54:59.447671936 +0000 UTC m=+20880.255494326,1661090099,Frontend,100,0.19574468085106383,0.7052631578947367,0.8657894736842102,0.9942105263157893
2022-08-21 13:55:59.44545113 +0000 UTC m=+20940.253273492,1661090159,Frontend,100,0.2035,0.4959677419354839,0.7386363636363634,0.9477272727272724
2022-08-21 13:56:59.450554504 +0000 UTC m=+21000.258376875,1661090219,Frontend,100,0.2125,0.6964285714285713,0.9374999999999998,2.0950000000000015
